Workbook
Name 商品マスタ: Input!$A$4:$E$13

Sheet Input
A1: 在庫マスタ
A3: 商品コード | B3: 商品名 | C3: 単価 | D3: 在庫数 | E3: 月間販売数
A4: P001 | B4: 白米 5kg | C4: 1980 | D4: 120 | E4: 85
A5: P002 | B5: 玄米 5kg | C5: 2480 | D5: 60 | E5: 22
A6: P003 | B6: もち米 2kg | C6: 1280 | D6: 40 | E6: 15
A7: P004 | B7: 雑穀ミックス 1kg | C7: 1580 | D7: 90 | E7: 45
A8: P005 | B8: 押し麦 800g | C8: 780 | D8: 150 | E8: 60
A9: P006 | B9: オートミール 500g | C9: 680 | D9: 200 | E9: 120
A10: P007 | B10: 黒米 500g | C10: 1180 | D10: 25 | E10: 8
A11: P008 | B11: 赤米 500g | C11: 1280 | D11: 30 | E11: 12
A12: P009 | B12: ハト麦 300g | C12: 980 | D12: 45 | E12: 18
A13: P010 | B13: 古代米セット | C13: 2880 | D13: 15 | E13: 5

Sheet Calc
A1: 派生計算
A3: 商品コード | B3: 商品名 | C3: 在庫金額 | D3: 月間売上見込 | E3: 在庫回転月数
A4: =Input!A4 | B4: =VLOOKUP(A4,商品マスタ,2,FALSE) | C4: =Input!C4*Input!D4 | D4: =Input!C4*Input!E4 | E4: =IF(Input!E4=0,0,Input!D4/Input!E4)
A5: =Input!A5 | B5: =VLOOKUP(A5,商品マスタ,2,FALSE) | C5: =Input!C5*Input!D5 | D5: =Input!C5*Input!E5 | E5: =IF(Input!E5=0,0,Input!D5/Input!E5)
A6: =Input!A6 | B6: =VLOOKUP(A6,商品マスタ,2,FALSE) | C6: =Input!C6*Input!D6 | D6: =Input!C6*Input!E6 | E6: =IF(Input!E6=0,0,Input!D6/Input!E6)
A7: =Input!A7 | B7: =VLOOKUP(A7,商品マスタ,2,FALSE) | C7: =Input!C7*Input!D7 | D7: =Input!C7*Input!E7 | E7: =IF(Input!E7=0,0,Input!D7/Input!E7)
A8: =Input!A8 | B8: =VLOOKUP(A8,商品マスタ,2,FALSE) | C8: =Input!C8*Input!D8 | D8: =Input!C8*Input!E8 | E8: =IF(Input!E8=0,0,Input!D8/Input!E8)
A9: =Input!A9 | B9: =VLOOKUP(A9,商品マスタ,2,FALSE) | C9: =Input!C9*Input!D9 | D9: =Input!C9*Input!E9 | E9: =IF(Input!E9=0,0,Input!D9/Input!E9)
A10: =Input!A10 | B10: =VLOOKUP(A10,商品マスタ,2,FALSE) | C10: =Input!C10*Input!D10 | D10: =Input!C10*Input!E10 | E10: =IF(Input!E10=0,0,Input!D10/Input!E10)
A11: =Input!A11 | B11: =VLOOKUP(A11,商品マスタ,2,FALSE) | C11: =Input!C11*Input!D11 | D11: =Input!C11*Input!E11 | E11: =IF(Input!E11=0,0,Input!D11/Input!E11)
A12: =Input!A12 | B12: =VLOOKUP(A12,商品マスタ,2,FALSE) | C12: =Input!C12*Input!D12 | D12: =Input!C12*Input!E12 | E12: =IF(Input!E12=0,0,Input!D12/Input!E12)
A13: =Input!A13 | B13: =VLOOKUP(A13,商品マスタ,2,FALSE) | C13: =Input!C13*Input!D13 | D13: =Input!C13*Input!E13 | E13: =IF(Input!E13=0,0,Input!D13/Input!E13)

Sheet Output
A1: 経営サマリ
A3: 指標 | B3: 値
A4: 商品数 | B4: =COUNTA(Input!A4:A100)
A5: 総在庫金額 | B5: =SUM(Calc!C4:C100)
A6: 月間売上見込合計 | B6: =SUM(Calc!D4:D100)
A7: 平均単価 | B7: =AVERAGE(Input!C4:C100)
A8: 在庫過剰商品数 | B8: =COUNTIF(Calc!E4:E100,">=6")
A9: 売れ筋商品数 (月販 50 以上) | B9: =COUNTIF(Input!E4:E100,">=50")
A10: 最大在庫金額 | B10: =MAX(Calc!C4:C100)
A11: 最小回転月数 | B11: =MIN(Calc!E4:E100)
